{
  "nodes": {
    "markdown_text_preview#1": {
      "contentWidth": 450,
      "rfNode": {
        "position": {
          "x": 945.6628635508712,
          "y": -581.4495990298756
        }
      }
    },
    "chat#1": {
      "contentWidth": 554.7471542609312,
      "rfNode": {
        "position": {
          "x": -62.00682321529209,
          "y": -581.4495990298756
        }
      }
    },
    "+value#2": {
      "contentWidth": 553.7695415458597,
      "rfNode": {
        "position": {
          "x": -843.4519030053157,
          "y": -260.45227860769836
        }
      }
    },
    "json#3": {
      "contentWidth": 792.0830559037472,
      "rfNode": {
        "position": {
          "x": -62.00682321529209,
          "y": -137.45227860769836
        }
      },
      "sections": {
        "inputs": {
          "collapsed": {
            "messages": {
              "[0]": false
            },
            "schame": {
              "[]": false
            }
          },
          "height": {
            "schame": {
              "[]": 176
            }
          }
        }
      }
    },
    "html_preview#1": {
      "contentWidth": 450,
      "rfNode": {
        "position": {
          "x": 945.6628635508712,
          "y": -120.66452357338255
        }
      }
    },
    "+typescript#5": {
      "contentWidth": 450,
      "rfNode": {
        "position": {
          "x": -792.8495634999622,
          "y": -1117.3286172888654
        }
      }
    }
  }
}